{
  "dataset_revision": "main",
  "task_name": "NegationRetrieval",
  "mteb_version": "1.38.29",
  "scores": {
    "test": [
      {
        "ndcg_at_1": 0.195,
        "ndcg_at_3": 0.41345,
        "ndcg_at_5": 0.59003,
        "ndcg_at_10": 0.59003,
        "ndcg_at_20": 0.59003,
        "ndcg_at_100": 0.59003,
        "ndcg_at_1000": 0.59003,
        "map_at_1": 0.195,
        "map_at_3": 0.35333,
        "map_at_5": 0.45583,
        "map_at_10": 0.45583,
        "map_at_20": 0.45583,
        "map_at_100": 0.45583,
        "map_at_1000": 0.45583,
        "recall_at_1": 0.195,
        "recall_at_3": 0.59,
        "recall_at_5": 1.0,
        "recall_at_10": 1.0,
        "recall_at_20": 1.0,
        "recall_at_100": 1.0,
        "recall_at_1000": 1.0,
        "precision_at_1": 0.195,
        "precision_at_3": 0.19667,
        "precision_at_5": 0.2,
        "precision_at_10": 0.1,
        "precision_at_20": 0.05,
        "precision_at_100": 0.01,
        "precision_at_1000": 0.001,
        "mrr_at_1": 0.195,
        "mrr_at_3": 0.353333,
        "mrr_at_5": 0.455833,
        "mrr_at_10": 0.455833,
        "mrr_at_20": 0.455833,
        "mrr_at_100": 0.455833,
        "mrr_at_1000": 0.455833,
        "nauc_ndcg_at_1_max": 0.078781,
        "nauc_ndcg_at_1_std": -0.08327,
        "nauc_ndcg_at_1_diff1": -0.076944,
        "nauc_ndcg_at_3_max": 0.036024,
        "nauc_ndcg_at_3_std": -0.17605,
        "nauc_ndcg_at_3_diff1": 0.029681,
        "nauc_ndcg_at_5_max": 0.056788,
        "nauc_ndcg_at_5_std": -0.108735,
        "nauc_ndcg_at_5_diff1": -0.020209,
        "nauc_ndcg_at_10_max": 0.056788,
        "nauc_ndcg_at_10_std": -0.108735,
        "nauc_ndcg_at_10_diff1": -0.020209,
        "nauc_ndcg_at_20_max": 0.056788,
        "nauc_ndcg_at_20_std": -0.108735,
        "nauc_ndcg_at_20_diff1": -0.020209,
        "nauc_ndcg_at_100_max": 0.056788,
        "nauc_ndcg_at_100_std": -0.108735,
        "nauc_ndcg_at_100_diff1": -0.020209,
        "nauc_ndcg_at_1000_max": 0.056788,
        "nauc_ndcg_at_1000_std": -0.108735,
        "nauc_ndcg_at_1000_diff1": -0.020209,
        "nauc_map_at_1_max": 0.078781,
        "nauc_map_at_1_std": -0.08327,
        "nauc_map_at_1_diff1": -0.076944,
        "nauc_map_at_3_max": 0.04546,
        "nauc_map_at_3_std": -0.146736,
        "nauc_map_at_3_diff1": 0.0069,
        "nauc_map_at_5_max": 0.057939,
        "nauc_map_at_5_std": -0.10673,
        "nauc_map_at_5_diff1": -0.02312,
        "nauc_map_at_10_max": 0.057939,
        "nauc_map_at_10_std": -0.10673,
        "nauc_map_at_10_diff1": -0.02312,
        "nauc_map_at_20_max": 0.057939,
        "nauc_map_at_20_std": -0.10673,
        "nauc_map_at_20_diff1": -0.02312,
        "nauc_map_at_100_max": 0.057939,
        "nauc_map_at_100_std": -0.10673,
        "nauc_map_at_100_diff1": -0.02312,
        "nauc_map_at_1000_max": 0.057939,
        "nauc_map_at_1000_std": -0.10673,
        "nauc_map_at_1000_diff1": -0.02312,
        "nauc_recall_at_1_max": 0.078781,
        "nauc_recall_at_1_std": -0.08327,
        "nauc_recall_at_1_diff1": -0.076944,
        "nauc_recall_at_3_max": 0.009788,
        "nauc_recall_at_3_std": -0.261105,
        "nauc_recall_at_3_diff1": 0.092719,
        "nauc_recall_at_5_max": NaN,
        "nauc_recall_at_5_std": NaN,
        "nauc_recall_at_5_diff1": NaN,
        "nauc_recall_at_10_max": NaN,
        "nauc_recall_at_10_std": NaN,
        "nauc_recall_at_10_diff1": NaN,
        "nauc_recall_at_20_max": NaN,
        "nauc_recall_at_20_std": NaN,
        "nauc_recall_at_20_diff1": NaN,
        "nauc_recall_at_100_max": NaN,
        "nauc_recall_at_100_std": NaN,
        "nauc_recall_at_100_diff1": NaN,
        "nauc_recall_at_1000_max": NaN,
        "nauc_recall_at_1000_std": NaN,
        "nauc_recall_at_1000_diff1": NaN,
        "nauc_precision_at_1_max": 0.078781,
        "nauc_precision_at_1_std": -0.08327,
        "nauc_precision_at_1_diff1": -0.076944,
        "nauc_precision_at_3_max": 0.009788,
        "nauc_precision_at_3_std": -0.261105,
        "nauc_precision_at_3_diff1": 0.092719,
        "nauc_precision_at_5_max": 1.0,
        "nauc_precision_at_5_std": 1.0,
        "nauc_precision_at_5_diff1": 1.0,
        "nauc_precision_at_10_max": 1.0,
        "nauc_precision_at_10_std": 1.0,
        "nauc_precision_at_10_diff1": 1.0,
        "nauc_precision_at_20_max": 1.0,
        "nauc_precision_at_20_std": 1.0,
        "nauc_precision_at_20_diff1": 1.0,
        "nauc_precision_at_100_max": 1.0,
        "nauc_precision_at_100_std": 1.0,
        "nauc_precision_at_100_diff1": 1.0,
        "nauc_precision_at_1000_max": 1.0,
        "nauc_precision_at_1000_std": 1.0,
        "nauc_precision_at_1000_diff1": 1.0,
        "nauc_mrr_at_1_max": 0.078781,
        "nauc_mrr_at_1_std": -0.08327,
        "nauc_mrr_at_1_diff1": -0.076944,
        "nauc_mrr_at_3_max": 0.04546,
        "nauc_mrr_at_3_std": -0.146736,
        "nauc_mrr_at_3_diff1": 0.0069,
        "nauc_mrr_at_5_max": 0.057939,
        "nauc_mrr_at_5_std": -0.10673,
        "nauc_mrr_at_5_diff1": -0.02312,
        "nauc_mrr_at_10_max": 0.057939,
        "nauc_mrr_at_10_std": -0.10673,
        "nauc_mrr_at_10_diff1": -0.02312,
        "nauc_mrr_at_20_max": 0.057939,
        "nauc_mrr_at_20_std": -0.10673,
        "nauc_mrr_at_20_diff1": -0.02312,
        "nauc_mrr_at_100_max": 0.057939,
        "nauc_mrr_at_100_std": -0.10673,
        "nauc_mrr_at_100_diff1": -0.02312,
        "nauc_mrr_at_1000_max": 0.057939,
        "nauc_mrr_at_1000_std": -0.10673,
        "nauc_mrr_at_1000_diff1": -0.02312,
        "main_score": 0.195,
        "hf_subset": "default",
        "languages": [
          "eng-Latn"
        ]
      }
    ]
  },
  "evaluation_time": 3.630033016204834,
  "kg_co2_emissions": null,
  "split_metrics": null
}