{
  "dataset_revision": "main",
  "task_name": "NegationI2TRetrieval",
  "mteb_version": "1.38.29",
  "scores": {
    "test": [
      {
        "ndcg_at_1": 0.23,
        "ndcg_at_3": 0.35887,
        "ndcg_at_5": 0.59358,
        "ndcg_at_10": 0.59358,
        "ndcg_at_20": 0.59358,
        "ndcg_at_100": 0.59358,
        "ndcg_at_1000": 0.59358,
        "map_at_1": 0.23,
        "map_at_3": 0.32583,
        "map_at_5": 0.46208,
        "map_at_10": 0.46208,
        "map_at_20": 0.46208,
        "map_at_100": 0.46208,
        "map_at_1000": 0.46208,
        "recall_at_1": 0.23,
        "recall_at_3": 0.455,
        "recall_at_5": 1.0,
        "recall_at_10": 1.0,
        "recall_at_20": 1.0,
        "recall_at_100": 1.0,
        "recall_at_1000": 1.0,
        "cv_recall_at_1": 0.23,
        "cv_recall_at_3": 0.84,
        "cv_recall_at_5": 1.0,
        "cv_recall_at_10": 1.0,
        "cv_recall_at_20": 1.0,
        "cv_recall_at_100": 1.0,
        "cv_recall_at_1000": 1.0,
        "precision_at_1": 0.23,
        "precision_at_3": 0.15167,
        "precision_at_5": 0.2,
        "precision_at_10": 0.1,
        "precision_at_20": 0.05,
        "precision_at_100": 0.01,
        "precision_at_1000": 0.001,
        "mrr_at_1": 0.23,
        "mrr_at_3": 0.454167,
        "mrr_at_5": 0.494167,
        "mrr_at_10": 0.494167,
        "mrr_at_20": 0.494167,
        "mrr_at_100": 0.494167,
        "mrr_at_1000": 0.494167,
        "nauc_ndcg_at_1_max": 0.335352,
        "nauc_ndcg_at_1_std": 0.336953,
        "nauc_ndcg_at_1_diff1": 0.311008,
        "nauc_ndcg_at_3_max": 0.476719,
        "nauc_ndcg_at_3_std": 0.494491,
        "nauc_ndcg_at_3_diff1": 0.50117,
        "nauc_ndcg_at_5_max": 0.404798,
        "nauc_ndcg_at_5_std": 0.395627,
        "nauc_ndcg_at_5_diff1": 0.384933,
        "nauc_ndcg_at_10_max": 0.404798,
        "nauc_ndcg_at_10_std": 0.395627,
        "nauc_ndcg_at_10_diff1": 0.384933,
        "nauc_ndcg_at_20_max": 0.404798,
        "nauc_ndcg_at_20_std": 0.395627,
        "nauc_ndcg_at_20_diff1": 0.384933,
        "nauc_ndcg_at_100_max": 0.404798,
        "nauc_ndcg_at_100_std": 0.395627,
        "nauc_ndcg_at_100_diff1": 0.384933,
        "nauc_ndcg_at_1000_max": 0.404798,
        "nauc_ndcg_at_1000_std": 0.395627,
        "nauc_ndcg_at_1000_diff1": 0.384933,
        "nauc_map_at_1_max": 0.335352,
        "nauc_map_at_1_std": 0.336953,
        "nauc_map_at_1_diff1": 0.311008,
        "nauc_map_at_3_max": 0.444598,
        "nauc_map_at_3_std": 0.451365,
        "nauc_map_at_3_diff1": 0.450327,
        "nauc_map_at_5_max": 0.401,
        "nauc_map_at_5_std": 0.391812,
        "nauc_map_at_5_diff1": 0.380259,
        "nauc_map_at_10_max": 0.401,
        "nauc_map_at_10_std": 0.391812,
        "nauc_map_at_10_diff1": 0.380259,
        "nauc_map_at_20_max": 0.401,
        "nauc_map_at_20_std": 0.391812,
        "nauc_map_at_20_diff1": 0.380259,
        "nauc_map_at_100_max": 0.401,
        "nauc_map_at_100_std": 0.391812,
        "nauc_map_at_100_diff1": 0.380259,
        "nauc_map_at_1000_max": 0.401,
        "nauc_map_at_1000_std": 0.391812,
        "nauc_map_at_1000_diff1": 0.380259,
        "nauc_recall_at_1_max": 0.335352,
        "nauc_recall_at_1_std": 0.336953,
        "nauc_recall_at_1_diff1": 0.311008,
        "nauc_recall_at_3_max": 0.563105,
        "nauc_recall_at_3_std": 0.613241,
        "nauc_recall_at_3_diff1": 0.640788,
        "nauc_recall_at_5_max": NaN,
        "nauc_recall_at_5_std": NaN,
        "nauc_recall_at_5_diff1": NaN,
        "nauc_recall_at_10_max": NaN,
        "nauc_recall_at_10_std": NaN,
        "nauc_recall_at_10_diff1": NaN,
        "nauc_recall_at_20_max": NaN,
        "nauc_recall_at_20_std": NaN,
        "nauc_recall_at_20_diff1": NaN,
        "nauc_recall_at_100_max": NaN,
        "nauc_recall_at_100_std": NaN,
        "nauc_recall_at_100_diff1": NaN,
        "nauc_recall_at_1000_max": NaN,
        "nauc_recall_at_1000_std": NaN,
        "nauc_recall_at_1000_diff1": NaN,
        "nauc_precision_at_1_max": 0.335352,
        "nauc_precision_at_1_std": 0.336953,
        "nauc_precision_at_1_diff1": 0.311008,
        "nauc_precision_at_3_max": 0.563105,
        "nauc_precision_at_3_std": 0.613241,
        "nauc_precision_at_3_diff1": 0.640788,
        "nauc_precision_at_5_max": 1.0,
        "nauc_precision_at_5_std": 1.0,
        "nauc_precision_at_5_diff1": 1.0,
        "nauc_precision_at_10_max": 1.0,
        "nauc_precision_at_10_std": 1.0,
        "nauc_precision_at_10_diff1": 1.0,
        "nauc_precision_at_20_max": 1.0,
        "nauc_precision_at_20_std": 1.0,
        "nauc_precision_at_20_diff1": 1.0,
        "nauc_precision_at_100_max": 1.0,
        "nauc_precision_at_100_std": 1.0,
        "nauc_precision_at_100_diff1": 1.0,
        "nauc_precision_at_1000_max": 1.0,
        "nauc_precision_at_1000_std": 1.0,
        "nauc_precision_at_1000_diff1": 1.0,
        "nauc_cv_recall_at_1_max": 0.335352,
        "nauc_cv_recall_at_1_std": 0.336953,
        "nauc_cv_recall_at_1_diff1": 0.311008,
        "nauc_cv_recall_at_3_max": -0.695631,
        "nauc_cv_recall_at_3_std": -0.578363,
        "nauc_cv_recall_at_3_diff1": -0.51393,
        "nauc_cv_recall_at_5_max": NaN,
        "nauc_cv_recall_at_5_std": NaN,
        "nauc_cv_recall_at_5_diff1": NaN,
        "nauc_cv_recall_at_10_max": NaN,
        "nauc_cv_recall_at_10_std": NaN,
        "nauc_cv_recall_at_10_diff1": NaN,
        "nauc_cv_recall_at_20_max": NaN,
        "nauc_cv_recall_at_20_std": NaN,
        "nauc_cv_recall_at_20_diff1": NaN,
        "nauc_cv_recall_at_100_max": NaN,
        "nauc_cv_recall_at_100_std": NaN,
        "nauc_cv_recall_at_100_diff1": NaN,
        "nauc_cv_recall_at_1000_max": NaN,
        "nauc_cv_recall_at_1000_std": NaN,
        "nauc_cv_recall_at_1000_diff1": NaN,
        "nauc_mrr_at_1_max": 0.335352,
        "nauc_mrr_at_1_std": 0.336953,
        "nauc_mrr_at_1_diff1": 0.311008,
        "nauc_mrr_at_3_max": 0.171161,
        "nauc_mrr_at_3_std": 0.179675,
        "nauc_mrr_at_3_diff1": 0.17837,
        "nauc_mrr_at_5_max": 0.317786,
        "nauc_mrr_at_5_std": 0.307904,
        "nauc_mrr_at_5_diff1": 0.295478,
        "nauc_mrr_at_10_max": 0.317786,
        "nauc_mrr_at_10_std": 0.307904,
        "nauc_mrr_at_10_diff1": 0.295478,
        "nauc_mrr_at_20_max": 0.317786,
        "nauc_mrr_at_20_std": 0.307904,
        "nauc_mrr_at_20_diff1": 0.295478,
        "nauc_mrr_at_100_max": 0.317786,
        "nauc_mrr_at_100_std": 0.307904,
        "nauc_mrr_at_100_diff1": 0.295478,
        "nauc_mrr_at_1000_max": 0.317786,
        "nauc_mrr_at_1000_std": 0.307904,
        "nauc_mrr_at_1000_diff1": 0.295478,
        "main_score": 0.23,
        "split_metrics": {},
        "hf_subset": "default",
        "languages": [
          "eng-Latn"
        ]
      }
    ]
  },
  "evaluation_time": 299.18128538131714,
  "kg_co2_emissions": null,
  "split_metrics": null
}