{
  "dataset_revision": "main",
  "task_name": "NegationI2TRetrieval",
  "mteb_version": "1.38.29",
  "scores": {
    "test": [
      {
        "ndcg_at_1": 0.125,
        "ndcg_at_3": 0.33029,
        "ndcg_at_5": 0.54779,
        "ndcg_at_10": 0.54779,
        "ndcg_at_20": 0.54779,
        "ndcg_at_100": 0.54779,
        "ndcg_at_1000": 0.54779,
        "map_at_1": 0.125,
        "map_at_3": 0.27417,
        "map_at_5": 0.40042,
        "map_at_10": 0.40042,
        "map_at_20": 0.40042,
        "map_at_100": 0.40042,
        "map_at_1000": 0.40042,
        "recall_at_1": 0.125,
        "recall_at_3": 0.495,
        "recall_at_5": 1.0,
        "recall_at_10": 1.0,
        "recall_at_20": 1.0,
        "recall_at_100": 1.0,
        "recall_at_1000": 1.0,
        "cv_recall_at_1": 0.125,
        "cv_recall_at_3": 0.495,
        "cv_recall_at_5": 1.0,
        "cv_recall_at_10": 1.0,
        "cv_recall_at_20": 1.0,
        "cv_recall_at_100": 1.0,
        "cv_recall_at_1000": 1.0,
        "precision_at_1": 0.125,
        "precision_at_3": 0.165,
        "precision_at_5": 0.2,
        "precision_at_10": 0.1,
        "precision_at_20": 0.05,
        "precision_at_100": 0.01,
        "precision_at_1000": 0.001,
        "mrr_at_1": 0.125,
        "mrr_at_3": 0.274167,
        "mrr_at_5": 0.400417,
        "mrr_at_10": 0.400417,
        "mrr_at_20": 0.400417,
        "mrr_at_100": 0.400417,
        "mrr_at_1000": 0.400417,
        "nauc_ndcg_at_1_max": -0.323108,
        "nauc_ndcg_at_1_std": -0.308029,
        "nauc_ndcg_at_1_diff1": -0.248207,
        "nauc_ndcg_at_3_max": -0.216457,
        "nauc_ndcg_at_3_std": -0.371641,
        "nauc_ndcg_at_3_diff1": -0.078343,
        "nauc_ndcg_at_5_max": -0.241967,
        "nauc_ndcg_at_5_std": -0.336426,
        "nauc_ndcg_at_5_diff1": -0.157171,
        "nauc_ndcg_at_10_max": -0.241967,
        "nauc_ndcg_at_10_std": -0.336426,
        "nauc_ndcg_at_10_diff1": -0.157171,
        "nauc_ndcg_at_20_max": -0.241967,
        "nauc_ndcg_at_20_std": -0.336426,
        "nauc_ndcg_at_20_diff1": -0.157171,
        "nauc_ndcg_at_100_max": -0.241967,
        "nauc_ndcg_at_100_std": -0.336426,
        "nauc_ndcg_at_100_diff1": -0.157171,
        "nauc_ndcg_at_1000_max": -0.241967,
        "nauc_ndcg_at_1000_std": -0.336426,
        "nauc_ndcg_at_1000_diff1": -0.157171,
        "nauc_map_at_1_max": -0.323108,
        "nauc_map_at_1_std": -0.308029,
        "nauc_map_at_1_diff1": -0.248207,
        "nauc_map_at_3_max": -0.228203,
        "nauc_map_at_3_std": -0.357294,
        "nauc_map_at_3_diff1": -0.111072,
        "nauc_map_at_5_max": -0.245093,
        "nauc_map_at_5_std": -0.334859,
        "nauc_map_at_5_diff1": -0.161581,
        "nauc_map_at_10_max": -0.245093,
        "nauc_map_at_10_std": -0.334859,
        "nauc_map_at_10_diff1": -0.161581,
        "nauc_map_at_20_max": -0.245093,
        "nauc_map_at_20_std": -0.334859,
        "nauc_map_at_20_diff1": -0.161581,
        "nauc_map_at_100_max": -0.245093,
        "nauc_map_at_100_std": -0.334859,
        "nauc_map_at_100_diff1": -0.161581,
        "nauc_map_at_1000_max": -0.245093,
        "nauc_map_at_1000_std": -0.334859,
        "nauc_map_at_1000_diff1": -0.161581,
        "nauc_recall_at_1_max": -0.323108,
        "nauc_recall_at_1_std": -0.308029,
        "nauc_recall_at_1_diff1": -0.248207,
        "nauc_recall_at_3_max": -0.192335,
        "nauc_recall_at_3_std": -0.40494,
        "nauc_recall_at_3_diff1": -0.003804,
        "nauc_recall_at_5_max": NaN,
        "nauc_recall_at_5_std": NaN,
        "nauc_recall_at_5_diff1": NaN,
        "nauc_recall_at_10_max": NaN,
        "nauc_recall_at_10_std": NaN,
        "nauc_recall_at_10_diff1": NaN,
        "nauc_recall_at_20_max": NaN,
        "nauc_recall_at_20_std": NaN,
        "nauc_recall_at_20_diff1": NaN,
        "nauc_recall_at_100_max": NaN,
        "nauc_recall_at_100_std": NaN,
        "nauc_recall_at_100_diff1": NaN,
        "nauc_recall_at_1000_max": NaN,
        "nauc_recall_at_1000_std": NaN,
        "nauc_recall_at_1000_diff1": NaN,
        "nauc_precision_at_1_max": -0.323108,
        "nauc_precision_at_1_std": -0.308029,
        "nauc_precision_at_1_diff1": -0.248207,
        "nauc_precision_at_3_max": -0.192335,
        "nauc_precision_at_3_std": -0.40494,
        "nauc_precision_at_3_diff1": -0.003804,
        "nauc_precision_at_5_max": 1.0,
        "nauc_precision_at_5_std": 1.0,
        "nauc_precision_at_5_diff1": 1.0,
        "nauc_precision_at_10_max": 1.0,
        "nauc_precision_at_10_std": 1.0,
        "nauc_precision_at_10_diff1": 1.0,
        "nauc_precision_at_20_max": 1.0,
        "nauc_precision_at_20_std": 1.0,
        "nauc_precision_at_20_diff1": 1.0,
        "nauc_precision_at_100_max": 1.0,
        "nauc_precision_at_100_std": 1.0,
        "nauc_precision_at_100_diff1": 1.0,
        "nauc_precision_at_1000_max": 1.0,
        "nauc_precision_at_1000_std": 1.0,
        "nauc_precision_at_1000_diff1": 1.0,
        "nauc_cv_recall_at_1_max": -0.323108,
        "nauc_cv_recall_at_1_std": -0.308029,
        "nauc_cv_recall_at_1_diff1": -0.248207,
        "nauc_cv_recall_at_3_max": -0.192335,
        "nauc_cv_recall_at_3_std": -0.40494,
        "nauc_cv_recall_at_3_diff1": -0.003804,
        "nauc_cv_recall_at_5_max": NaN,
        "nauc_cv_recall_at_5_std": NaN,
        "nauc_cv_recall_at_5_diff1": NaN,
        "nauc_cv_recall_at_10_max": NaN,
        "nauc_cv_recall_at_10_std": NaN,
        "nauc_cv_recall_at_10_diff1": NaN,
        "nauc_cv_recall_at_20_max": NaN,
        "nauc_cv_recall_at_20_std": NaN,
        "nauc_cv_recall_at_20_diff1": NaN,
        "nauc_cv_recall_at_100_max": NaN,
        "nauc_cv_recall_at_100_std": NaN,
        "nauc_cv_recall_at_100_diff1": NaN,
        "nauc_cv_recall_at_1000_max": NaN,
        "nauc_cv_recall_at_1000_std": NaN,
        "nauc_cv_recall_at_1000_diff1": NaN,
        "nauc_mrr_at_1_max": -0.323108,
        "nauc_mrr_at_1_std": -0.308029,
        "nauc_mrr_at_1_diff1": -0.248207,
        "nauc_mrr_at_3_max": -0.228203,
        "nauc_mrr_at_3_std": -0.357294,
        "nauc_mrr_at_3_diff1": -0.111072,
        "nauc_mrr_at_5_max": -0.245093,
        "nauc_mrr_at_5_std": -0.334859,
        "nauc_mrr_at_5_diff1": -0.161581,
        "nauc_mrr_at_10_max": -0.245093,
        "nauc_mrr_at_10_std": -0.334859,
        "nauc_mrr_at_10_diff1": -0.161581,
        "nauc_mrr_at_20_max": -0.245093,
        "nauc_mrr_at_20_std": -0.334859,
        "nauc_mrr_at_20_diff1": -0.161581,
        "nauc_mrr_at_100_max": -0.245093,
        "nauc_mrr_at_100_std": -0.334859,
        "nauc_mrr_at_100_diff1": -0.161581,
        "nauc_mrr_at_1000_max": -0.245093,
        "nauc_mrr_at_1000_std": -0.334859,
        "nauc_mrr_at_1000_diff1": -0.161581,
        "main_score": 0.125,
        "split_metrics": {},
        "hf_subset": "default",
        "languages": [
          "eng-Latn"
        ]
      }
    ]
  },
  "evaluation_time": 52.559459924697876,
  "kg_co2_emissions": null,
  "split_metrics": null
}