{
  "dataset_revision": "main",
  "task_name": "NegationRetrieval",
  "mteb_version": "1.38.29",
  "scores": {
    "test": [
      {
        "ndcg_at_1": 0.1,
        "ndcg_at_3": 0.33595,
        "ndcg_at_5": 0.53837,
        "ndcg_at_10": 0.53837,
        "ndcg_at_20": 0.53837,
        "ndcg_at_100": 0.53837,
        "ndcg_at_1000": 0.53837,
        "map_at_1": 0.1,
        "map_at_3": 0.27,
        "map_at_5": 0.3875,
        "map_at_10": 0.3875,
        "map_at_20": 0.3875,
        "map_at_100": 0.3875,
        "map_at_1000": 0.3875,
        "recall_at_1": 0.1,
        "recall_at_3": 0.53,
        "recall_at_5": 1.0,
        "recall_at_10": 1.0,
        "recall_at_20": 1.0,
        "recall_at_100": 1.0,
        "recall_at_1000": 1.0,
        "precision_at_1": 0.1,
        "precision_at_3": 0.17667,
        "precision_at_5": 0.2,
        "precision_at_10": 0.1,
        "precision_at_20": 0.05,
        "precision_at_100": 0.01,
        "precision_at_1000": 0.001,
        "mrr_at_1": 0.1,
        "mrr_at_3": 0.27,
        "mrr_at_5": 0.3875,
        "mrr_at_10": 0.3875,
        "mrr_at_20": 0.3875,
        "mrr_at_100": 0.3875,
        "mrr_at_1000": 0.3875,
        "nauc_ndcg_at_1_max": -0.192809,
        "nauc_ndcg_at_1_std": -0.139415,
        "nauc_ndcg_at_1_diff1": -0.023987,
        "nauc_ndcg_at_3_max": -0.032515,
        "nauc_ndcg_at_3_std": -0.153902,
        "nauc_ndcg_at_3_diff1": 0.06098,
        "nauc_ndcg_at_5_max": -0.117725,
        "nauc_ndcg_at_5_std": -0.133746,
        "nauc_ndcg_at_5_diff1": 0.020385,
        "nauc_ndcg_at_10_max": -0.117725,
        "nauc_ndcg_at_10_std": -0.133746,
        "nauc_ndcg_at_10_diff1": 0.020385,
        "nauc_ndcg_at_20_max": -0.117725,
        "nauc_ndcg_at_20_std": -0.133746,
        "nauc_ndcg_at_20_diff1": 0.020385,
        "nauc_ndcg_at_100_max": -0.117725,
        "nauc_ndcg_at_100_std": -0.133746,
        "nauc_ndcg_at_100_diff1": 0.020385,
        "nauc_ndcg_at_1000_max": -0.117725,
        "nauc_ndcg_at_1000_std": -0.133746,
        "nauc_ndcg_at_1000_diff1": 0.020385,
        "nauc_map_at_1_max": -0.192809,
        "nauc_map_at_1_std": -0.139415,
        "nauc_map_at_1_diff1": -0.023987,
        "nauc_map_at_3_max": -0.066533,
        "nauc_map_at_3_std": -0.14634,
        "nauc_map_at_3_diff1": 0.044596,
        "nauc_map_at_5_max": -0.121645,
        "nauc_map_at_5_std": -0.133546,
        "nauc_map_at_5_diff1": 0.01825,
        "nauc_map_at_10_max": -0.121645,
        "nauc_map_at_10_std": -0.133546,
        "nauc_map_at_10_diff1": 0.01825,
        "nauc_map_at_20_max": -0.121645,
        "nauc_map_at_20_std": -0.133546,
        "nauc_map_at_20_diff1": 0.01825,
        "nauc_map_at_100_max": -0.121645,
        "nauc_map_at_100_std": -0.133546,
        "nauc_map_at_100_diff1": 0.01825,
        "nauc_map_at_1000_max": -0.121645,
        "nauc_map_at_1000_std": -0.133546,
        "nauc_map_at_1000_diff1": 0.01825,
        "nauc_recall_at_1_max": -0.192809,
        "nauc_recall_at_1_std": -0.139415,
        "nauc_recall_at_1_diff1": -0.023987,
        "nauc_recall_at_3_max": 0.043245,
        "nauc_recall_at_3_std": -0.171824,
        "nauc_recall_at_3_diff1": 0.097073,
        "nauc_recall_at_5_max": NaN,
        "nauc_recall_at_5_std": NaN,
        "nauc_recall_at_5_diff1": NaN,
        "nauc_recall_at_10_max": NaN,
        "nauc_recall_at_10_std": NaN,
        "nauc_recall_at_10_diff1": NaN,
        "nauc_recall_at_20_max": NaN,
        "nauc_recall_at_20_std": NaN,
        "nauc_recall_at_20_diff1": NaN,
        "nauc_recall_at_100_max": NaN,
        "nauc_recall_at_100_std": NaN,
        "nauc_recall_at_100_diff1": NaN,
        "nauc_recall_at_1000_max": NaN,
        "nauc_recall_at_1000_std": NaN,
        "nauc_recall_at_1000_diff1": NaN,
        "nauc_precision_at_1_max": -0.192809,
        "nauc_precision_at_1_std": -0.139415,
        "nauc_precision_at_1_diff1": -0.023987,
        "nauc_precision_at_3_max": 0.043245,
        "nauc_precision_at_3_std": -0.171824,
        "nauc_precision_at_3_diff1": 0.097073,
        "nauc_precision_at_5_max": 1.0,
        "nauc_precision_at_5_std": 1.0,
        "nauc_precision_at_5_diff1": 1.0,
        "nauc_precision_at_10_max": 1.0,
        "nauc_precision_at_10_std": 1.0,
        "nauc_precision_at_10_diff1": 1.0,
        "nauc_precision_at_20_max": 1.0,
        "nauc_precision_at_20_std": 1.0,
        "nauc_precision_at_20_diff1": 1.0,
        "nauc_precision_at_100_max": 1.0,
        "nauc_precision_at_100_std": 1.0,
        "nauc_precision_at_100_diff1": 1.0,
        "nauc_precision_at_1000_max": 1.0,
        "nauc_precision_at_1000_std": 1.0,
        "nauc_precision_at_1000_diff1": 1.0,
        "nauc_mrr_at_1_max": -0.192809,
        "nauc_mrr_at_1_std": -0.139415,
        "nauc_mrr_at_1_diff1": -0.023987,
        "nauc_mrr_at_3_max": -0.066533,
        "nauc_mrr_at_3_std": -0.14634,
        "nauc_mrr_at_3_diff1": 0.044596,
        "nauc_mrr_at_5_max": -0.121645,
        "nauc_mrr_at_5_std": -0.133546,
        "nauc_mrr_at_5_diff1": 0.01825,
        "nauc_mrr_at_10_max": -0.121645,
        "nauc_mrr_at_10_std": -0.133546,
        "nauc_mrr_at_10_diff1": 0.01825,
        "nauc_mrr_at_20_max": -0.121645,
        "nauc_mrr_at_20_std": -0.133546,
        "nauc_mrr_at_20_diff1": 0.01825,
        "nauc_mrr_at_100_max": -0.121645,
        "nauc_mrr_at_100_std": -0.133546,
        "nauc_mrr_at_100_diff1": 0.01825,
        "nauc_mrr_at_1000_max": -0.121645,
        "nauc_mrr_at_1000_std": -0.133546,
        "nauc_mrr_at_1000_diff1": 0.01825,
        "main_score": 0.1,
        "hf_subset": "default",
        "languages": [
          "eng-Latn"
        ]
      }
    ]
  },
  "evaluation_time": 81.71945452690125,
  "kg_co2_emissions": null,
  "split_metrics": null
}